Mouse ID,Timepoint,Tumor Volume (mm3),Metastatic Sites,Drug
b128,0,45.0,0,Capomulin
f932,0,45.0,0,Ketapril
g107,0,45.0,0,Ketapril
a457,0,45.0,0,Ketapril
c819,0,45.0,0,Ketapril
h246,0,45.0,0,Ketapril
p189,0,45.0,0,Ketapril
n923,0,45.0,0,Ketapril
q119,0,45.0,0,Ketapril
f993,0,45.0,0,Naftisol
z234,0,45.0,0,Naftisol
b559,0,45.0,0,Naftisol
y260,0,45.0,0,Ketapril
x930,0,45.0,0,Naftisol
o725,0,45.0,0,Naftisol
z969,0,45.0,0,Naftisol
v835,0,45.0,0,Naftisol
r604,0,45.0,0,Naftisol
n304,0,45.0,0,Naftisol
l700,0,45.0,0,Naftisol
x336,0,45.0,0,Naftisol
l725,0,45.0,0,Naftisol
m133,0,45.0,0,Naftisol
v295,0,45.0,0,Naftisol
a818,0,45.0,0,Naftisol
y601,0,45.0,0,Naftisol
t724,0,45.0,0,Naftisol
k382,0,45.0,0,Ketapril
w422,0,45.0,0,Ketapril
c326,0,45.0,0,Infubinol
c139,0,45.0,0,Infubinol
v339,0,45.0,0,Infubinol
a577,0,45.0,0,Infubinol
y163,0,45.0,0,Infubinol
k483,0,45.0,0,Infubinol
k804,0,45.0,0,Infubinol
o809,0,45.0,0,Infubinol
z581,0,45.0,0,Infubinol
a251,0,45.0,0,Infubinol
i386,0,45.0,0,Infubinol
c580,0,45.0,0,Ketapril
q132,0,45.0,0,Infubinol
u327,0,45.0,0,Ketapril
v603,0,45.0,0,Ketapril
f278,0,45.0,0,Ketapril
g497,0,45.0,0,Ketapril
d474,0,45.0,0,Ketapril
o973,0,45.0,0,Ketapril
c832,0,45.0,0,Ketapril
o331,0,45.0,0,Ketapril
m650,0,45.0,0,Ketapril
v289,0,45.0,0,Ketapril
m550,0,45.0,0,Ketapril
h428,0,45.0,0,Ketapril
r701,0,45.0,0,Naftisol
v199,0,45.0,0,Naftisol
x264,0,45.0,0,Naftisol
f234,0,45.0,0,Stelasyn
c458,0,45.0,0,Ramicane
q610,0,45.0,0,Ramicane
j913,0,45.0,0,Ramicane
a411,0,45.0,0,Ramicane
a444,0,45.0,0,Ramicane
d251,0,45.0,0,Ramicane
j989,0,45.0,0,Ramicane
y449,0,45.0,0,Ramicane
k403,0,45.0,0,Ramicane
c758,0,45.0,0,Ramicane
x402,0,45.0,0,Stelasyn
r811,0,45.0,0,Ramicane
a644,0,45.0,0,Ramicane
i177,0,45.0,0,Ramicane
g791,0,45.0,0,Ramicane
a520,0,45.0,0,Ramicane
u196,0,45.0,0,Ramicane
m546,0,45.0,0,Ramicane
w678,0,45.0,0,Ramicane
n364,0,45.0,0,Ramicane
s508,0,45.0,0,Ramicane
e662,0,45.0,0,Ramicane
z578,0,45.0,0,Ramicane
r921,0,45.0,0,Ramicane
a492,0,45.0,0,Stelasyn
w540,0,45.0,0,Stelasyn
v764,0,45.0,0,Stelasyn
z795,0,45.0,0,Naftisol
e291,0,45.0,0,Naftisol
e584,0,45.0,0,Naftisol
e213,0,45.0,0,Naftisol
j755,0,45.0,0,Naftisol
s565,0,45.0,0,Stelasyn
a366,0,45.0,0,Stelasyn
p387,0,45.0,0,Stelasyn
b879,0,45.0,0,Stelasyn
i901,0,45.0,0,Stelasyn
k862,0,45.0,0,Stelasyn
g867,0,45.0,0,Stelasyn
s619,0,45.0,0,Stelasyn
w697,0,45.0,0,Stelasyn
j984,0,45.0,0,Stelasyn
c402,0,45.0,0,Stelasyn
h333,0,45.0,0,Stelasyn
k510,0,45.0,0,Stelasyn
p981,0,45.0,0,Stelasyn
t451,0,45.0,0,Stelasyn
a963,0,45.0,0,Stelasyn
m269,0,45.0,0,Stelasyn
g989,0,45.0,0,Stelasyn
g989,0,45.0,0,Propriva
z314,0,45.0,0,Stelasyn
o848,0,45.0,0,Stelasyn
v719,0,45.0,0,Infubinol
q597,0,45.0,0,Ramicane
c895,0,45.0,0,Infubinol
a203,0,45.0,0,Infubinol
f394,0,45.0,0,Zoniferol
c264,0,45.0,0,Zoniferol
n967,0,45.0,0,Zoniferol
f545,0,45.0,0,Zoniferol
k894,0,45.0,0,Zoniferol
k754,0,45.0,0,Zoniferol
g296,0,45.0,0,Zoniferol
d164,0,45.0,0,Zoniferol
w575,0,45.0,0,Zoniferol
x613,0,45.0,0,Zoniferol
q633,0,45.0,0,Zoniferol
b313,0,45.0,0,Zoniferol
f129,0,45.0,0,Zoniferol
j365,0,45.0,0,Zoniferol
p136,0,45.0,0,Zoniferol
c559,0,45.0,0,Zoniferol
a788,0,45.0,0,Zoniferol
s337,0,45.0,0,Zoniferol
q511,0,45.0,0,Zoniferol
m331,0,45.0,0,Zoniferol
o926,0,45.0,0,Zoniferol
d133,0,45.0,0,Zoniferol
n630,0,45.0,0,Propriva
g989,0,45.0,0,Stelasyn
g989,0,45.0,0,Propriva
a401,0,45.0,0,Zoniferol
w350,0,45.0,0,Propriva
c302,0,45.0,0,Zoniferol
a897,0,45.0,0,Placebo
j235,0,45.0,0,Placebo
q787,0,45.0,0,Placebo
a262,0,45.0,0,Placebo
r850,0,45.0,0,Placebo
i669,0,45.0,0,Placebo
n763,0,45.0,0,Placebo
s152,0,45.0,0,Placebo
c766,0,45.0,0,Placebo
e227,0,45.0,0,Placebo
c282,0,45.0,0,Placebo
v989,0,45.0,0,Placebo
w140,0,45.0,0,Zoniferol
v409,0,45.0,0,Placebo
l872,0,45.0,0,Placebo
o795,0,45.0,0,Placebo
y478,0,45.0,0,Placebo
q582,0,45.0,0,Placebo
s166,0,45.0,0,Placebo
x773,0,45.0,0,Placebo
w167,0,45.0,0,Placebo
t718,0,45.0,0,Placebo
o302,0,45.0,0,Placebo
i477,0,45.0,0,Placebo
c757,0,45.0,0,Placebo
t994,0,45.0,0,Placebo
p310,0,45.0,0,Propriva
a699,0,45.0,0,Propriva
k603,0,45.0,0,Propriva
x822,0,45.0,0,Ceftamin
l558,0,45.0,0,Ceftamin
l733,0,45.0,0,Ceftamin
f436,0,45.0,0,Ceftamin
l490,0,45.0,0,Ceftamin
b759,0,45.0,0,Ceftamin
l471,0,45.0,0,Ceftamin
y865,0,45.0,0,Ceftamin
y769,0,45.0,0,Ceftamin
l661,0,45.0,0,Ceftamin
j296,0,45.0,0,Ceftamin
u149,0,45.0,0,Ceftamin
u153,0,45.0,0,Ceftamin
w151,0,45.0,0,Ceftamin
h531,0,45.0,0,Ceftamin
a685,0,45.0,0,Infubinol
o813,0,45.0,0,Infubinol
m756,0,45.0,0,Infubinol
n671,0,45.0,0,Infubinol
s121,0,45.0,0,Infubinol
v766,0,45.0,0,Infubinol
w193,0,45.0,0,Infubinol
e476,0,45.0,0,Infubinol
w584,0,45.0,0,Infubinol
b447,0,45.0,0,Ceftamin
k210,0,45.0,0,Ceftamin
a275,0,45.0,0,Ceftamin
x581,0,45.0,0,Ceftamin
n482,0,45.0,0,Propriva
t198,0,45.0,0,Propriva
l215,0,45.0,0,Propriva
s141,0,45.0,0,Propriva
o523,0,45.0,0,Propriva
i635,0,45.0,0,Propriva
w746,0,45.0,0,Propriva
r107,0,45.0,0,Propriva
s187,0,45.0,0,Propriva
g570,0,45.0,0,Propriva
x209,0,45.0,0,Propriva
x111,0,45.0,0,Propriva
z435,0,45.0,0,Propriva
n678,0,45.0,0,Propriva
g558,0,45.0,0,Propriva
u946,0,45.0,0,Propriva
o562,0,45.0,0,Propriva
v991,0,45.0,0,Propriva
c927,0,45.0,0,Propriva
x226,0,45.0,0,Ceftamin
p438,0,45.0,0,Ceftamin
b487,0,45.0,0,Ceftamin
o287,0,45.0,0,Ceftamin
q483,0,45.0,0,Ceftamin
t573,0,45.0,0,Ceftamin
f345,0,45.0,0,Infubinol
i334,0,45.0,0,Ramicane
l264,0,45.0,0,Ketapril
j246,0,45.0,0,Capomulin
r554,0,45.0,0,Capomulin
s185,0,45.0,0,Capomulin
b742,0,45.0,0,Capomulin
x401,0,45.0,0,Capomulin
l509,0,45.0,0,Capomulin
s710,0,45.0,0,Capomulin
r157,0,45.0,0,Capomulin
u364,0,45.0,0,Capomulin
j119,0,45.0,0,Capomulin
v923,0,45.0,0,Capomulin
w914,0,45.0,0,Capomulin
i738,0,45.0,0,Capomulin
r944,0,45.0,0,Capomulin
y793,0,45.0,0,Capomulin
g316,0,45.0,0,Capomulin
g288,0,45.0,0,Capomulin
l897,0,45.0,0,Capomulin
w150,0,45.0,0,Capomulin
t565,0,45.0,0,Capomulin
i557,0,45.0,0,Capomulin
m957,0,45.0,0,Capomulin
f966,0,45.0,0,Capomulin
m601,0,45.0,0,Capomulin
a275,5,46.79525728,0,Ceftamin
w575,5,48.91385977,1,Zoniferol
x822,5,45.67110442,1,Ceftamin
l509,5,45.85119285,0,Capomulin
n304,5,46.43121629,0,Naftisol
d164,5,46.61767061,0,Zoniferol
l897,5,45.46224327,0,Capomulin
l558,5,45.80908882,0,Ceftamin
g296,5,46.59323337,0,Zoniferol
c458,5,45.72227949,0,Ramicane
a401,5,46.11198591,0,Zoniferol
l700,5,45.91837165,0,Naftisol
f234,5,47.31349062,0,Stelasyn
x613,5,46.09704058,0,Zoniferol
u149,5,45.79206792,0,Ceftamin
k210,5,47.91899771,0,Ceftamin
x402,5,46.32757027,1,Stelasyn
q610,5,45.62949421,0,Ramicane
x581,5,47.1969266,0,Ceftamin
a492,5,46.40914339,0,Stelasyn
m133,5,46.62130127,0,Naftisol
l725,5,48.73631881,1,Naftisol
q633,5,47.18380215,0,Zoniferol
f129,5,47.00059399,0,Zoniferol
q483,5,46.77681624,1,Ceftamin
a444,5,44.00597487,0,Ramicane
v835,5,47.15601071,0,Naftisol
r604,5,47.06774448,1,Naftisol
f394,5,47.03309963,0,Zoniferol
y865,5,46.73500592,1,Ceftamin
d251,5,41.74635495,1,Ramicane
b313,5,47.15443254,0,Zoniferol
y769,5,46.42265176,1,Ceftamin
z234,5,46.12935706,1,Naftisol
b559,5,47.40989731,0,Naftisol
f993,5,46.39575966,0,Naftisol
q119,5,47.86444,0,Ketapril
j989,5,45.62071835,1,Ramicane
w150,5,39.20212894,0,Capomulin
n923,5,45.82488099,0,Ketapril
y449,5,45.87754494,0,Ramicane
l661,5,46.26879904,0,Ceftamin
c302,5,47.69067986,1,Zoniferol
c264,5,45.79170389,0,Zoniferol
l471,5,46.25187204,0,Ceftamin
x930,5,46.07823375,0,Naftisol
k754,5,45.7277604,0,Zoniferol
f436,5,46.37079759,1,Ceftamin
v295,5,46.11181797,1,Naftisol
j913,5,44.01490022,0,Ramicane
s710,5,43.180977399999996,0,Capomulin
z969,5,49.33299873,0,Naftisol
k894,5,47.64568674,0,Zoniferol
l490,5,45.61253918,1,Ceftamin
b759,5,48.00919049,0,Ceftamin
a411,5,45.46667714,0,Ramicane
f545,5,46.56581263,0,Zoniferol
o725,5,46.88982098,0,Naftisol
y601,5,48.47500273,1,Naftisol
w914,5,45.89372032,0,Capomulin
n967,5,46.07719173,1,Zoniferol
l733,5,46.17422627,0,Ceftamin
m601,5,41.40859145,1,Capomulin
b487,5,46.21397739,0,Ceftamin
o287,5,45.58680362,0,Ceftamin
p310,5,46.55853236,1,Propriva
r107,5,48.51342027,0,Propriva
s565,5,48.24255218,0,Stelasyn
w350,5,48.23211311,0,Propriva
s187,5,47.57671761,1,Propriva
j984,5,48.41072109,1,Stelasyn
w697,5,48.30182261,1,Stelasyn
j755,5,47.24284357,0,Naftisol
g570,5,47.65642436,1,Propriva
u364,5,45.76088647,1,Capomulin
x209,5,46.75426887,0,Propriva
c402,5,49.3426301,1,Stelasyn
b742,5,41.53409702,0,Capomulin
n630,5,46.09909969,0,Propriva
g989,5,48.78680146,0,Stelasyn
g989,5,48.78680146,0,Propriva
e213,5,45.69925018,1,Naftisol
a366,5,48.95136773,0,Stelasyn
w746,5,49.45327005,0,Propriva
s141,5,45.83113434,0,Propriva
i901,5,46.49302392,0,Stelasyn
t198,5,47.46126052,0,Propriva
b879,5,49.15615628,1,Stelasyn
k603,5,46.04211582,0,Propriva
o523,5,45.54470008,0,Propriva
v923,5,45.70443431,0,Capomulin
f966,5,38.79647373,0,Capomulin
p387,5,48.66763075,0,Stelasyn
g867,5,46.88074916,0,Stelasyn
i635,5,47.23593715,0,Propriva
s619,5,46.60226878,0,Stelasyn
a699,5,46.55308986,0,Propriva
q132,5,46.7163985,1,Infubinol
k862,5,49.20305786,0,Stelasyn
h333,5,45.75172728,0,Stelasyn
x401,5,45.47375302,0,Capomulin
o926,5,46.76116373,0,Zoniferol
c927,5,46.35184205,0,Propriva
c559,5,46.56263793,0,Zoniferol
r701,5,46.88697137,0,Naftisol
j119,5,45.83899787,0,Capomulin
p438,5,46.82793418,0,Ceftamin
m269,5,49.011180100000004,0,Stelasyn
a963,5,46.23350581,0,Stelasyn
p136,5,49.27397096,0,Zoniferol
t724,5,46.35925829,0,Naftisol
g989,5,47.57039208,0,Stelasyn
g989,5,47.57039208,0,Propriva
z314,5,45.93471217,0,Stelasyn
a818,5,45.69670864,0,Naftisol
v764,5,47.05418474,0,Stelasyn
j365,5,46.7112611,0,Zoniferol
i557,5,42.2616653,0,Capomulin
x264,5,47.0384145,0,Naftisol
v991,5,49.21432799,1,Propriva
a788,5,47.00658024,0,Zoniferol
x111,5,46.94101498,1,Propriva
k510,5,46.608467100000006,0,Stelasyn
z435,5,47.11597963,0,Propriva
e584,5,45.656978499999994,0,Naftisol
m331,5,45.52301371,1,Zoniferol
n678,5,47.55428429,0,Propriva
p981,5,47.00062717,0,Stelasyn
g558,5,46.18874193,0,Propriva
e291,5,46.14250486,0,Naftisol
q511,5,45.83265378,0,Zoniferol
u946,5,45.9918078,1,Propriva
z795,5,46.83347493,0,Naftisol
t451,5,48.04713882,0,Stelasyn
s337,5,46.84985157,0,Zoniferol
o562,5,46.51495016,1,Propriva
w540,5,45.88537038,1,Stelasyn
w140,5,47.71795156,0,Zoniferol
l215,5,49.48194935,1,Propriva
y793,5,41.01991315,0,Capomulin
n763,5,46.08598142,0,Placebo
a203,5,48.5084684,0,Infubinol
w584,5,46.05193075,0,Infubinol
y163,5,48.28497016,0,Infubinol
o973,5,46.71787727,0,Ketapril
o795,5,46.76092721,1,Placebo
w422,5,48.45745927,0,Ketapril
e662,5,45.81628252,0,Ramicane
g791,5,45.85153062,0,Ramicane
c580,5,46.62845479999999,0,Ketapril
e476,5,47.11180113,0,Infubinol
k483,5,46.61105571,0,Infubinol
y478,5,48.64107818,1,Placebo
i669,5,46.76466824,1,Placebo
d474,5,45.91835225,0,Ketapril
w193,5,45.49385802,0,Infubinol
q582,5,45.95539895,1,Placebo
s166,5,47.18678778,0,Placebo
o331,5,47.05966408,1,Ketapril
k382,5,46.27499735,1,Ketapril
k804,5,48.26620364,0,Infubinol
r850,5,46.86291194,0,Placebo
g316,5,44.02275246,0,Capomulin
v766,5,48.15125091,1,Infubinol
g497,5,48.78206878,0,Ketapril
a520,5,38.72370695,0,Ramicane
x773,5,45.8508307,1,Placebo
m550,5,49.05409736,1,Ketapril
t994,5,47.891487100000006,0,Placebo
n364,5,45.52187471,0,Ramicane
l264,5,46.66876646,0,Ketapril
e227,5,47.23801112,0,Placebo
c326,5,49.34020318,0,Infubinol
r157,5,45.59706359,0,Capomulin
c766,5,47.31305537,0,Placebo
v719,5,47.18836325,0,Infubinol
w678,5,43.16637266,0,Ramicane
c139,5,48.75311208,0,Infubinol
m546,5,42.99887638,0,Ramicane
v339,5,46.25011212,0,Infubinol
s152,5,47.459052899999996,1,Placebo
m650,5,48.56249492,1,Ketapril
c282,5,45.72568973,0,Placebo
v989,5,48.85813451,0,Placebo
r944,5,45.73714484,0,Capomulin
r554,5,45.78174579,1,Capomulin
c895,5,45.47754399,0,Infubinol
v409,5,46.22079642,0,Placebo
u196,5,45.55746444,1,Ramicane
c832,5,48.68546123,1,Ketapril
v289,5,46.20446003,0,Ketapril
a897,5,45.69112405,1,Placebo
f345,5,45.5911466,0,Infubinol
s508,5,38.71187185,0,Ramicane
a577,5,46.197719899999996,1,Infubinol
z578,5,42.18878662,0,Ramicane
i177,5,44.06539783,0,Ramicane
a644,5,45.55015754,0,Ramicane
c757,5,47.78327981,0,Placebo
s185,5,43.87849569,0,Capomulin
i738,5,45.59568527,0,Capomulin
m756,5,47.01036401,1,Infubinol
o813,5,45.69933088,0,Infubinol
j246,5,45.64143788,0,Capomulin
a685,5,46.87048256,0,Infubinol
r811,5,45.62580225,0,Ramicane
h246,5,49.47041702,0,Ketapril
q597,5,45.76611104,0,Ramicane
a251,5,46.98212719,0,Infubinol
q787,5,47.11661587,0,Placebo
c758,5,45.5786783,0,Ramicane
u327,5,45.69418805,0,Ketapril
t565,5,45.8956472,0,Capomulin
c819,5,45.76924864,1,Ketapril
o302,5,48.93701188,0,Placebo
h531,5,47.784681799999994,0,Ceftamin
i477,5,46.65738471,0,Placebo
w151,5,45.54607595,1,Ceftamin
y260,5,46.79983867,0,Ketapril
r921,5,45.56821083,0,Ramicane
a457,5,47.462891,0,Ketapril
j296,5,46.79925591,1,Ceftamin
w167,5,48.78627194,0,Placebo
a262,5,48.71756819,1,Placebo
b128,5,45.65133131,0,Capomulin
n671,5,47.35388938,0,Infubinol
g288,5,45.83939976,0,Capomulin
v603,5,46.01600593,0,Ketapril
i334,5,41.02051821,0,Ramicane
k403,5,38.82589807,0,Ramicane
p189,5,49.04870704,1,Ketapril
o809,5,46.87724316,0,Infubinol
g107,5,48.79166496,0,Ketapril
t718,5,45.92125272,1,Placebo
i386,5,46.85369669,1,Infubinol
s121,5,45.63566174,1,Infubinol
z581,5,49.27309187,1,Infubinol
f278,5,48.19457788,0,Ketapril
j235,5,46.58881978,0,Placebo
m957,5,45.62238149,1,Capomulin
e291,10,48.52974125,1,Naftisol
u946,10,46.73050592,1,Propriva
g558,10,50.09475382,0,Propriva
i386,10,49.86154739,2,Infubinol
e584,10,47.25064148,0,Naftisol
o523,10,47.0810859,1,Propriva
i635,10,48.68575605,1,Propriva
b879,10,50.33894583,1,Stelasyn
u327,10,49.23525948,0,Ketapril
n678,10,49.14570866,1,Propriva
r554,10,39.0054935,2,Capomulin
z435,10,48.71066147,0,Propriva
s565,10,52.77752710000001,0,Stelasyn
g497,10,49.6470865,0,Ketapril
s187,10,48.14635121,1,Propriva
o809,10,48.6707318,0,Infubinol
z581,10,50.47875016,2,Infubinol
r107,10,49.18601052,0,Propriva
k804,10,49.47124419,0,Infubinol
a366,10,53.52399007,0,Stelasyn
j755,10,48.16706083,0,Naftisol
g570,10,49.18823167,1,Propriva
d474,10,46.97496297,0,Ketapril
c832,10,49.81141262,1,Ketapril
x209,10,48.92989543,0,Propriva
u364,10,46.56841719,2,Capomulin
k483,10,50.29604123,1,Infubinol
o973,10,48.24579043,0,Ketapril
y163,10,49.112399100000005,1,Infubinol
e213,10,47.39157120000001,2,Naftisol
a251,10,48.59117901,1,Infubinol
p387,10,53.36296294,0,Stelasyn
v923,10,39.84822328,0,Capomulin
x111,10,49.12296898,1,Propriva
a577,10,49.5096389,1,Infubinol
g288,10,46.30400254,1,Capomulin
v603,10,47.8305568,0,Ketapril
c139,10,49.99295391,0,Infubinol
j296,10,48.52997762,2,Ceftamin
o331,10,50.12845481,1,Ketapril
b759,10,49.13335499,0,Ceftamin
l490,10,47.25960594,1,Ceftamin
z969,10,52.65608148,1,Naftisol
n671,10,51.03935653,0,Infubinol
g107,10,53.43598668,0,Ketapril
v835,10,48.96591797,0,Naftisol
s710,10,43.68802627,0,Capomulin
s121,10,49.04883479,1,Infubinol
f436,10,48.14697758,2,Ceftamin
r604,10,48.78655957,1,Naftisol
l733,10,48.35495154,0,Ceftamin
l509,10,46.75907363,0,Capomulin
y260,10,48.08180678,1,Ketapril
v766,10,50.36310988,1,Infubinol
n304,10,47.20125097,0,Naftisol
a457,10,49.78341894,0,Ketapril
l558,10,46.78453491,0,Ceftamin
o725,10,48.199452,0,Naftisol
c819,10,46.65839527,1,Ketapril
i738,10,43.42101414,0,Capomulin
n923,10,48.79194986,1,Ketapril
p189,10,51.58216168,2,Ketapril
q119,10,51.23660557,0,Ketapril
l661,10,49.68361956,0,Ceftamin
f993,10,48.18537323,0,Naftisol
m957,10,46.414517700000005,1,Capomulin
h246,10,51.36886216,1,Ketapril
w151,10,46.50147609,1,Ceftamin
y769,10,48.01516261,1,Ceftamin
y865,10,49.52273955,1,Ceftamin
b559,10,48.03643202,0,Naftisol
s141,10,47.23569156,0,Propriva
l471,10,48.18206306,0,Ceftamin
x930,10,50.26069441,0,Naftisol
a685,10,47.66475264,0,Infubinol
w193,10,48.34655046,0,Infubinol
x822,10,48.98371668,1,Ceftamin
k382,10,50.18096763,1,Ketapril
v289,10,48.13348207,0,Ketapril
b487,10,47.664387100000006,0,Ceftamin
c895,10,49.77901542,0,Infubinol
t724,10,50.70389965,0,Naftisol
j119,10,46.42536551,0,Capomulin
p438,10,50.51749789,0,Ceftamin
r701,10,49.65459636,0,Naftisol
m650,10,50.96899763,1,Ketapril
i557,10,42.99207658,0,Capomulin
v719,10,51.49705412,1,Infubinol
c927,10,50.96529767,1,Propriva
x264,10,47.88712765,1,Naftisol
v991,10,52.6449057,1,Propriva
l264,10,50.65958094,0,Ketapril
o562,10,47.14767002,1,Propriva
f345,10,47.22244619,0,Infubinol
a818,10,49.79091948,0,Naftisol
o287,10,47.36020084,1,Ceftamin
m550,10,50.54803457,2,Ketapril
l700,10,47.01356652,1,Naftisol
g316,10,44.50204246,0,Capomulin
u149,10,47.40483439,0,Ceftamin
e476,10,49.43168536,0,Infubinol
k210,10,49.37993231,0,Ceftamin
l725,10,50.82391154,2,Naftisol
a275,10,47.37134328,0,Ceftamin
z795,10,48.0308039,0,Naftisol
c580,10,47.57017382,1,Ketapril
m133,10,47.50333803,0,Naftisol
w422,10,49.93597024,0,Ketapril
x581,10,49.06702788,1,Ceftamin
v295,10,47.53946216,2,Naftisol
a203,10,51.852437200000004,1,Infubinol
y793,10,41.63001026,1,Capomulin
q483,10,47.8391005,1,Ceftamin
w584,10,47.29850794,0,Infubinol
f966,10,35.6244027,0,Capomulin
q132,10,47.95384377,2,Infubinol
m269,10,50.86013006,0,Stelasyn
w167,10,51.82640965,0,Placebo
m601,10,36.82536664,1,Capomulin
a492,10,48.43219661,0,Stelasyn
x773,10,47.18920597,2,Placebo
a401,10,47.7259374,1,Zoniferol
i177,10,41.02092924,0,Ramicane
s166,10,49.00012468,0,Placebo
q582,10,47.01357514,1,Placebo
w540,10,47.45906658,1,Stelasyn
j365,10,48.34932028,0,Zoniferol
v764,10,48.18900062,1,Stelasyn
g791,10,40.17055848,0,Ramicane
y478,10,52.28893409,1,Placebo
l897,10,46.15473721,0,Capomulin
o795,10,51.1237037,1,Placebo
g989,10,51.74515613,0,Stelasyn
g989,10,51.74515613,0,Propriva
p136,10,50.90789028,0,Zoniferol
t451,10,48.95791906,0,Stelasyn
c282,10,48.17950638,0,Placebo
s337,10,47.8944415,0,Zoniferol
m546,10,43.74822357,0,Ramicane
v989,10,52.61468889,1,Placebo
a788,10,50.15972132,1,Zoniferol
a644,10,46.38071258,0,Ramicane
v409,10,50.64903842,1,Placebo
r944,10,46.54429202,0,Capomulin
a963,10,47.15052201,0,Stelasyn
t994,10,52.614163500000004,1,Placebo
c559,10,47.29326012,0,Zoniferol
a520,10,36.42938781,0,Ramicane
a444,10,44.51255951,0,Ramicane
u196,10,46.42294306,1,Ramicane
e227,10,51.34975705,1,Placebo
f129,10,48.17971908,1,Zoniferol
t718,10,46.39268805,1,Placebo
n967,10,47.47172327,1,Zoniferol
d251,10,42.43225791,1,Ramicane
b313,10,48.31937218,1,Zoniferol
f545,10,51.07251225,0,Zoniferol
a411,10,40.75978762,1,Ramicane
w914,10,43.23196275,0,Capomulin
c302,10,48.53356704,1,Zoniferol
j989,10,46.34383237,1,Ramicane
k894,10,49.27287011,1,Zoniferol
y449,10,46.37809248,0,Ramicane
w150,10,39.95234669,0,Capomulin
j913,10,44.49716216,0,Ramicane
a897,10,47.97292708,1,Placebo
k754,10,49.74611666,0,Zoniferol
k403,10,35.01427146,1,Ramicane
c757,10,49.21931669,0,Placebo
g296,10,48.26950861,0,Zoniferol
r921,10,42.71192694,0,Ramicane
q633,10,49.00186559,0,Zoniferol
t565,10,46.74900552,0,Capomulin
r811,10,39.453903000000004,0,Ramicane
f234,10,47.90432375,0,Stelasyn
x613,10,46.81817589999999,0,Zoniferol
x402,10,46.88696249,1,Stelasyn
o302,10,49.70144989,0,Placebo
w575,10,50.13595547,1,Zoniferol
c458,10,44.45437828,1,Ramicane
i477,10,47.52063206,0,Placebo
c758,10,46.28799223,0,Ramicane
d164,10,47.47464468,1,Zoniferol
q610,10,44.99148471,0,Ramicane
s185,10,37.61494768,0,Capomulin
q511,10,50.31164687,0,Zoniferol
c264,10,49.02659196,0,Zoniferol
k862,10,50.52355007,1,Stelasyn
n763,10,46.81731526,1,Placebo
h333,10,46.23384414,1,Stelasyn
c402,10,50.56689412,1,Stelasyn
q787,10,48.59386234,1,Placebo
b128,10,43.2708519,0,Capomulin
g867,10,48.18340167,0,Stelasyn
g989,10,49.880527799999996,0,Stelasyn
g989,10,49.880527799999996,0,Propriva
b742,10,41.99922813,0,Capomulin
e662,10,46.40908385,0,Ramicane
i669,10,48.2816334,1,Placebo
a699,10,47.86737569,0,Propriva
q597,10,42.53798598,0,Ramicane
j984,10,50.14108401,1,Stelasyn
a262,10,49.59518129,1,Placebo
w350,10,48.89955238,0,Propriva
n364,10,40.3751382,0,Ramicane
z578,10,42.95211843,0,Ramicane
w697,10,48.925056,2,Stelasyn
p310,10,48.66560668,1,Propriva
k603,10,46.60694676,0,Propriva
k510,10,47.65824979999999,1,Stelasyn
r850,10,48.51509085,1,Placebo
j235,10,48.01878792,1,Placebo
i901,10,50.42124982,0,Stelasyn
s152,10,52.1816442,2,Placebo
o926,10,47.56567364,1,Zoniferol
m331,10,47.64687735,1,Zoniferol
x401,10,39.11389068,0,Capomulin
l215,10,53.653969599999996,1,Propriva
j246,10,46.408361299999996,0,Capomulin
s508,10,34.850997899999996,0,Ramicane
p981,10,47.54584585,0,Stelasyn
i334,10,41.63124731,0,Ramicane
r157,10,46.05960827,0,Capomulin
t198,10,49.00080978,1,Propriva
c766,10,49.50027098,1,Placebo
q597,15,41.39566036,0,Ramicane
l661,15,50.94754484,1,Ceftamin
y769,15,52.76102114,2,Ceftamin
s185,15,38.17723195,0,Capomulin
d251,15,39.47278744,1,Ramicane
y865,15,50.80651856,1,Ceftamin
a685,15,48.95147442,0,Infubinol
a262,15,53.82797367,2,Placebo
b128,15,43.78489343,0,Capomulin
r811,15,40.02229235,0,Ramicane
z581,15,51.1963042,2,Infubinol
c819,15,48.37099912,1,Ketapril
r850,15,50.21860469,1,Placebo
b559,15,51.37886229,0,Naftisol
c264,15,53.66494165,1,Zoniferol
o302,15,51.38148886,0,Placebo
g288,15,42.17230079,1,Capomulin
h246,15,56.18432701,1,Ketapril
a251,15,50.53445603,1,Infubinol
c757,15,51.532603,0,Placebo
j989,15,41.12835439,1,Ramicane
i334,15,39.15800115,0,Ramicane
f993,15,49.10697473,1,Naftisol
y449,15,44.18345092,0,Ramicane
i738,15,37.97877782,0,Capomulin
i386,15,51.73656088,2,Infubinol
u327,15,50.65996437,0,Ketapril
q787,15,49.21773243,2,Placebo
n923,15,51.73870623,1,Ketapril
c758,15,46.94094512,1,Ramicane
c302,15,52.71663459,2,Zoniferol
q132,15,49.15974862,3,Infubinol
n671,15,54.21606411,0,Infubinol
a897,15,52.34308525,2,Placebo
k403,15,34.22399174,1,Ramicane
b313,15,49.18838735,1,Zoniferol
p189,15,53.6755415,2,Ketapril
m957,15,39.80445341,1,Capomulin
w151,15,47.24292865,1,Ceftamin
v603,15,52.10294744,0,Ketapril
j296,15,50.70127959,2,Ceftamin
o331,15,54.78976769,1,Ketapril
a644,15,46.91089166,0,Ramicane
o809,15,49.68344504,1,Infubinol
n763,15,47.79809961,1,Placebo
w422,15,52.24630985,0,Ketapril
o795,15,55.88633793,2,Placebo
a203,15,52.7778705,1,Infubinol
a520,15,35.590253999999995,0,Ramicane
y163,15,51.52306843,1,Infubinol
r944,15,47.37342325,0,Capomulin
m550,15,51.16606544,3,Ketapril
f345,15,48.35223854,0,Infubinol
s152,15,57.22498064,2,Placebo
t994,15,53.45863887,1,Placebo
c895,15,52.94946474,1,Infubinol
y793,15,42.28366512,1,Capomulin
u196,15,47.22717065,1,Ramicane
c832,15,52.86453449,1,Ketapril
s508,15,35.27690634,0,Ramicane
m546,15,39.89743533,0,Ramicane
a577,15,50.91500662,2,Infubinol
m650,15,53.14955933,1,Ketapril
v719,15,52.60910758,1,Infubinol
c766,15,50.59663325,2,Placebo
c282,15,49.26607873,0,Placebo
j235,15,51.16113815,1,Placebo
e227,15,52.83394196,1,Placebo
c139,15,51.8332246,0,Infubinol
n364,15,36.94027399,0,Ramicane
v289,15,52.60216564,0,Ketapril
r921,15,43.52726054,0,Ramicane
y478,15,53.61040585,1,Placebo
c580,15,51.991708,1,Ketapril
t565,15,44.44094861,0,Capomulin
g497,15,53.64616804,1,Ketapril
t718,15,48.08512552,1,Placebo
g107,15,58.13554485,0,Ketapril
s121,15,50.82456031,2,Infubinol
z578,15,38.68851607,0,Ramicane
j246,15,43.31265415,0,Capomulin
k804,15,50.47761824,0,Infubinol
w167,15,53.90048909,0,Placebo
d474,15,47.77793584,0,Ketapril
y260,15,50.19615224,2,Ketapril
v766,15,51.54243058,1,Infubinol
w584,15,51.26543971,0,Infubinol
x773,15,47.67123558,3,Placebo
i669,15,48.857600700000006,1,Placebo
i177,15,40.33093479,0,Ramicane
r157,15,46.53920617,0,Capomulin
k382,15,54.42916821,1,Ketapril
k483,15,53.24445813,1,Infubinol
q582,15,48.32264018,2,Placebo
e476,15,54.04621267,0,Infubinol
g791,15,40.67812852,0,Ramicane
g316,15,45.21674299,0,Capomulin
r554,15,35.46375763,2,Capomulin
o973,15,49.87193582,0,Ketapril
e662,15,43.55377339,0,Ramicane
w193,15,49.38557373,0,Infubinol
s141,15,49.23234538,1,Propriva
n967,15,49.82500362,1,Zoniferol
p438,15,52.19836818,0,Ceftamin
g989,15,51.32585207,1,Stelasyn
g989,15,51.32585207,1,Propriva
b487,15,51.68325586,0,Ceftamin
g570,15,52.6826954,1,Propriva
j119,15,47.32298428,0,Capomulin
j755,15,51.45397391,0,Naftisol
v764,15,49.41262418,2,Stelasyn
a818,15,51.22756565,0,Naftisol
o287,15,48.67945261,1,Ceftamin
w540,15,48.25014636,2,Stelasyn
w350,15,50.8546323,1,Propriva
q483,15,48.4684826,1,Ceftamin
j365,15,49.58826336,0,Zoniferol
j984,15,51.16675687,1,Stelasyn
v295,15,50.66605391,2,Naftisol
s187,15,52.08163225,1,Propriva
a401,15,49.93472542,1,Zoniferol
x581,15,49.74642744,2,Ceftamin
a492,15,51.985262899999995,0,Stelasyn
e291,15,49.348426200000006,1,Naftisol
a275,15,49.73440359,0,Ceftamin
f129,15,49.98830246,1,Zoniferol
s565,15,54.32831664,1,Stelasyn
x402,15,49.11994779999999,1,Stelasyn
l725,15,54.24456268,2,Naftisol
b742,15,39.52484301,0,Capomulin
t724,15,55.58461724,0,Naftisol
k210,15,51.07355752,0,Ceftamin
p136,15,51.99141616,1,Zoniferol
m269,15,55.9053436,0,Stelasyn
q511,15,52.13308139,0,Zoniferol
u946,15,47.67302921,1,Propriva
x401,15,39.77625003,0,Capomulin
g558,15,51.007258,0,Propriva
t451,15,49.65278772,0,Stelasyn
z795,15,49.36813189,1,Naftisol
o562,15,51.50508551,1,Propriva
s337,15,48.57151582,0,Zoniferol
v991,15,54.588591,1,Propriva
a788,15,52.53994926,1,Zoniferol
a963,15,47.83685218,0,Stelasyn
x264,15,50.00231403,1,Naftisol
e584,15,48.43041053,1,Naftisol
c927,15,53.26643087,1,Propriva
p981,15,49.65770973,0,Stelasyn
o926,15,48.25424839,1,Zoniferol
i557,15,43.529875700000005,0,Capomulin
c559,15,51.41490358,1,Zoniferol
u364,15,47.21219992,2,Capomulin
r701,15,52.48480443,0,Naftisol
l897,15,44.0615214,0,Capomulin
k510,15,49.687051700000005,1,Stelasyn
e213,15,51.7916953,2,Naftisol
h333,15,50.69260358,2,Stelasyn
c402,15,52.23071944,1,Stelasyn
g989,15,53.44201976,0,Stelasyn
g989,15,53.44201976,0,Propriva
m601,15,35.46461175,1,Capomulin
m133,15,48.6652074,1,Naftisol
m331,15,52.11008758,1,Zoniferol
w914,15,43.68844893,0,Capomulin
s710,15,41.84523536,0,Capomulin
a699,15,49.53040137,0,Propriva
g296,15,49.65324404,1,Zoniferol
a411,15,41.48416885,1,Ramicane
b879,15,51.61838657,1,Stelasyn
p387,15,55.25138033,0,Stelasyn
r604,15,51.07452073,1,Naftisol
l509,15,47.48859931,1,Capomulin
f436,15,48.72207785,2,Ceftamin
u149,15,48.52237343,0,Ceftamin
b759,15,51.58779906,0,Ceftamin
g867,15,51.06041924,1,Stelasyn
k603,15,48.775285499999995,0,Propriva
i635,15,49.53689775,1,Propriva
k862,15,54.47453362,1,Stelasyn
k754,15,51.32356994,0,Zoniferol
j913,15,45.25253427,0,Ramicane
v835,15,50.54520646,1,Naftisol
l490,15,50.52481268,1,Ceftamin
k894,15,49.987765700000004,1,Zoniferol
l733,15,49.28519504,0,Ceftamin
f966,15,32.62300253,0,Capomulin
f545,15,53.94554429,1,Zoniferol
o725,15,50.01507902,1,Naftisol
p310,15,49.77074144,1,Propriva
r107,15,53.09033546,0,Propriva
q633,15,50.583557299999995,1,Zoniferol
x930,15,51.97376864,0,Naftisol
f234,15,48.73519714,1,Stelasyn
l700,15,49.04022529,1,Naftisol
a444,15,43.00127957,0,Ramicane
a366,15,55.26558163,0,Stelasyn
x822,15,49.69466533,1,Ceftamin
x613,15,48.0776464,0,Zoniferol
l471,15,49.40687901,0,Ceftamin
z969,15,54.71300452,2,Naftisol
c458,15,45.10742313,2,Ramicane
q610,15,45.88902756,0,Ramicane
w697,15,52.65726519,2,Stelasyn
v923,15,40.45798877,0,Capomulin
w575,15,50.86745176,1,Zoniferol
t198,15,49.781180799999994,2,Propriva
n304,15,48.47797895,0,Naftisol
i901,15,51.41964239,0,Stelasyn
u364,20,40.34394812,2,Capomulin
o926,20,51.82663825,2,Zoniferol
q132,20,51.90902494,4,Infubinol
a577,20,52.36518457,2,Infubinol
i386,20,55.08772445,2,Infubinol
t198,20,51.49073998,3,Propriva
g558,20,55.09009691,1,Propriva
c766,20,53.00686463,3,Placebo
u946,20,49.11004966,1,Propriva
p310,20,54.20518054,1,Propriva
s152,20,62.35160945,2,Placebo
z581,20,51.80794416,2,Infubinol
f966,20,30.48598484,0,Capomulin
o809,20,50.33655288,1,Infubinol
s187,20,53.74473406,1,Propriva
b128,20,42.731552,0,Capomulin
i669,20,50.87369027,1,Placebo
b742,20,37.95035546,0,Capomulin
k804,20,54.48451945,0,Infubinol
a699,20,50.71242334,0,Propriva
i635,20,51.87706189,1,Propriva
r107,20,55.263858400000004,0,Propriva
r554,20,36.01558858,2,Capomulin
w350,20,52.13232061,1,Propriva
k603,20,50.18010935,0,Propriva
a251,20,54.46259376,1,Infubinol
k483,20,54.77896052,1,Infubinol
a262,20,57.01331331,2,Placebo
n763,20,49.25812581,1,Placebo
q787,20,50.22993419,2,Placebo
y163,20,54.57107607,1,Infubinol
g570,20,54.64329541,1,Propriva
g989,20,55.32612202,1,Stelasyn
g989,20,55.32612202,1,Propriva
s141,20,51.6216457,1,Propriva
q511,20,52.67271205,0,Zoniferol
s121,20,52.0050659,2,Infubinol
t718,20,52.6367,2,Placebo
k210,20,51.99761855,0,Ceftamin
u149,20,50.37805789,0,Ceftamin
n671,20,54.82252091,0,Infubinol
o302,20,56.17761143,0,Placebo
q633,20,53.28728681,1,Zoniferol
x822,20,51.91490968,2,Ceftamin
a685,20,49.49055902,0,Infubinol
m957,20,38.90934919,1,Capomulin
w575,20,55.5918155,1,Zoniferol
l733,20,53.24431157,1,Ceftamin
c757,20,52.81863401,1,Placebo
w151,20,49.55426295,2,Ceftamin
g296,20,51.4471183,2,Zoniferol
s185,20,36.86687576,0,Capomulin
a897,20,54.59570541,3,Placebo
c264,20,54.568195700000004,1,Zoniferol
f545,20,58.84118888,1,Zoniferol
y769,20,55.02572434,2,Ceftamin
l471,20,52.22832698,0,Ceftamin
l661,20,52.61749003,1,Ceftamin
b313,20,53.979679700000005,1,Zoniferol
a401,20,52.20451136,2,Zoniferol
b759,20,54.44303502,0,Ceftamin
k754,20,52.69342276,1,Zoniferol
c302,20,54.08090836,3,Zoniferol
j296,20,54.00534209,3,Ceftamin
l490,20,51.90544699,1,Ceftamin
l509,20,48.07045162,2,Capomulin
w914,20,41.10809233,0,Capomulin
k894,20,50.98163936,1,Zoniferol
e227,20,56.60755210000001,1,Placebo
a275,20,50.51343652,1,Ceftamin
x581,20,51.20796943,3,Ceftamin
o562,20,53.61686347,1,Propriva
c139,20,56.74200681,0,Infubinol
c282,20,51.95057423,0,Placebo
v719,20,54.04860769,1,Infubinol
v991,20,57.74069459,2,Propriva
s337,20,49.20205408,1,Zoniferol
c927,20,55.48168922,1,Propriva
t994,20,56.52795159,1,Placebo
a788,20,54.06098332,1,Zoniferol
c895,20,53.67683960000001,2,Infubinol
l897,20,44.81309343,0,Capomulin
f345,20,49.61338303,0,Infubinol
c559,20,52.60436695,2,Zoniferol
r944,20,43.22567119,1,Capomulin
p438,20,52.90529861,0,Ceftamin
o795,20,60.61005916,3,Placebo
y865,20,52.36198241,1,Ceftamin
x773,20,49.739712899999994,3,Placebo
w193,20,50.00513807,0,Infubinol
j365,20,50.93935278,1,Zoniferol
q483,20,50.239855799999994,1,Ceftamin
j119,20,48.15820939,1,Capomulin
e476,20,55.24927296,0,Infubinol
w167,20,57.54815669,0,Placebo
q582,20,51.18597648,2,Placebo
p136,20,54.91379857,1,Zoniferol
w584,20,53.32350743,1,Infubinol
b487,20,53.42766344,0,Ceftamin
y478,20,56.84885016,1,Placebo
g316,20,45.93332219,1,Capomulin
a203,20,55.17333648,1,Infubinol
o287,20,50.85614078,2,Ceftamin
j246,20,44.02037009,0,Capomulin
j235,20,52.94290169,1,Placebo
m550,20,53.75794476,3,Ketapril
a818,20,54.8346245,0,Naftisol
i901,20,55.97440502,0,Stelasyn
v923,20,39.64829568,0,Capomulin
c758,20,43.1263114,1,Ramicane
v295,20,55.73137535,3,Naftisol
k862,20,57.05784818,1,Stelasyn
z578,20,36.89001635,0,Ramicane
o331,20,58.96572043,1,Ketapril
g791,20,41.211897,0,Ramicane
w697,20,54.22809098,3,Stelasyn
c819,20,49.76241475,1,Ketapril
k403,20,32.99772858,1,Ramicane
m133,20,52.63688249,1,Naftisol
j984,20,54.37251567,1,Stelasyn
c832,20,56.71023353,1,Ketapril
q597,20,41.9255866,0,Ramicane
t565,20,39.0702138,0,Capomulin
c402,20,54.88332044,2,Stelasyn
h333,20,51.99780618,2,Stelasyn
k510,20,52.10557382,1,Stelasyn
o973,20,51.956993100000005,1,Ketapril
l700,20,50.73476811,1,Naftisol
p981,20,50.35806947,0,Stelasyn
m650,20,56.777938799999994,2,Ketapril
j989,20,41.63534426,1,Ramicane
b879,20,53.98343568,1,Stelasyn
g107,20,62.70603145,0,Ketapril
a644,20,45.86506461,0,Ramicane
y793,20,40.71642815,2,Capomulin
i557,20,43.96789516,0,Capomulin
e291,20,52.53376479,1,Naftisol
c580,20,55.57532195,2,Ketapril
k382,20,57.82435071,2,Ketapril
w422,20,53.67624336,1,Ketapril
s508,20,35.92865083,0,Ramicane
e584,20,50.34492095,2,Naftisol
x264,20,53.07426973,1,Naftisol
e213,20,52.61376289,2,Naftisol
r921,20,44.13631588,0,Ramicane
j755,20,55.49660753,1,Naftisol
e662,20,44.0012958,0,Ramicane
r701,20,54.11413742,0,Naftisol
y260,20,50.72958174,3,Ketapril
i177,20,35.34536136,0,Ramicane
r811,20,40.7728027,0,Ramicane
s565,20,57.04618912,1,Stelasyn
m546,20,36.71229535,0,Ramicane
a366,20,57.28598742,0,Stelasyn
t724,20,57.22940914,0,Naftisol
p387,20,56.58761679999999,0,Stelasyn
v289,20,54.25005397,0,Ketapril
h246,20,57.93591218,1,Ketapril
l725,20,59.61515479999999,2,Naftisol
z969,20,57.89877823,2,Naftisol
w540,20,50.67272745,2,Stelasyn
i334,20,39.687831700000004,0,Ramicane
v835,20,51.29654266,2,Naftisol
a444,20,41.71461874,0,Ramicane
t451,20,51.06367793,0,Stelasyn
a492,20,53.67719253,0,Stelasyn
g288,20,42.95712001,1,Capomulin
x402,20,50.41475041,2,Stelasyn
n923,20,52.59920611,1,Ketapril
i738,20,38.53113634,0,Capomulin
n364,20,37.4788685,0,Ramicane
f234,20,51.11271293,2,Stelasyn
m601,20,34.255731700000005,1,Capomulin
f993,20,52.07951009,1,Naftisol
c458,20,39.50513508,2,Ramicane
u196,20,46.10536303,1,Ramicane
a411,20,38.08737318,1,Ramicane
x930,20,52.55606575,0,Naftisol
u327,20,53.18987907,0,Ketapril
q610,20,46.58543347,0,Ramicane
b559,20,55.65445572,1,Naftisol
j913,20,42.16834132,0,Ramicane
v603,20,53.72124193,0,Ketapril
g497,20,55.09699356,1,Ketapril
z795,20,53.28065717,1,Naftisol
a520,20,35.94774514,0,Ramicane
d474,20,51.73149416,0,Ketapril
d251,20,37.65209085,1,Ramicane
s710,20,42.62996266,1,Capomulin
r604,20,51.90275292,1,Naftisol
x401,20,36.06583471,0,Capomulin
m269,20,61.14586638,0,Stelasyn
a963,20,51.46373448,0,Stelasyn
p189,20,56.53020447,3,Ketapril
g989,20,54.65765008,1,Stelasyn
g989,20,54.65765008,1,Propriva
n304,20,49.25330863,1,Naftisol
u149,25,52.92534846,0,Ceftamin
x264,25,56.89105283,2,Naftisol
l725,25,65.00882889,2,Naftisol
i177,25,34.0821803,1,Ramicane
l471,25,52.84755893,1,Ceftamin
r944,25,41.08699106,1,Capomulin
v295,25,57.69185918,3,Naftisol
x930,25,53.72610129999999,0,Naftisol
c927,25,56.54551947,2,Propriva
a520,25,36.55858129,1,Ramicane
y865,25,57.17353846,2,Ceftamin
b559,25,57.04366929,1,Naftisol
m546,25,37.44444543,0,Ramicane
v991,25,60.01674733,2,Propriva
l700,25,54.23450181,1,Naftisol
w167,25,61.86857673,0,Placebo
s710,25,43.06040875,1,Capomulin
n304,25,53.97085924,2,Naftisol
k210,25,54.61397279,0,Ceftamin
p438,25,54.51057493,0,Ceftamin
x581,25,51.93528318,3,Ceftamin
q582,25,51.96821056,2,Placebo
r604,25,52.93685812,1,Naftisol
j119,25,42.41716589,1,Capomulin
l490,25,55.81003359,2,Ceftamin
q483,25,52.43006649,1,Ceftamin
a275,25,53.57606417,1,Ceftamin
a818,25,56.96627332,0,Naftisol
l733,25,54.95166826,1,Ceftamin
o287,25,52.06848642,3,Ceftamin
z969,25,63.14565213,2,Naftisol
m133,25,54.08243662,2,Naftisol
t565,25,37.34220976,0,Capomulin
l509,25,44.00625702,2,Capomulin
o795,25,65.74177723,4,Placebo
t724,25,59.82606797,1,Naftisol
b759,25,55.08363235,0,Ceftamin
b487,25,56.05774909,1,Ceftamin
u196,25,46.70532539999999,1,Ramicane
r701,25,57.89848998,1,Naftisol
y478,25,57.82697598,1,Placebo
x773,25,51.10442109,3,Placebo
x822,25,54.04133326,2,Ceftamin
o809,25,52.31817407,1,Infubinol
i557,25,44.59621854,0,Capomulin
p136,25,56.28147652,1,Zoniferol
c559,25,54.55544168,2,Zoniferol
m269,25,64.89301976,0,Stelasyn
a788,25,56.770280299999996,1,Zoniferol
x401,25,36.61712031,0,Capomulin
a963,25,52.12980374,0,Stelasyn
l897,25,45.35467916,0,Capomulin
s337,25,50.9706889,2,Zoniferol
b313,25,55.74514628,1,Zoniferol
j989,25,39.93411249,1,Ramicane
q511,25,57.25758287,0,Zoniferol
t451,25,55.52755345,0,Stelasyn
c302,25,55.07622853,3,Zoniferol
o926,25,54.76333852,3,Zoniferol
p981,25,52.5447048,1,Stelasyn
c264,25,56.96676876,2,Zoniferol
d251,25,38.09751328,1,Ramicane
w540,25,52.60026955,2,Stelasyn
j365,25,51.810320399999995,1,Zoniferol
j913,25,37.86066936,0,Ramicane
a411,25,38.701438399999994,1,Ramicane
k894,25,52.32583833,2,Zoniferol
g296,25,55.6701066,3,Zoniferol
w914,25,40.29191661,0,Capomulin
q610,25,40.14645019,0,Ramicane
w575,25,58.58732169,1,Zoniferol
h333,25,53.73091434,2,Stelasyn
m601,25,33.11875607,1,Capomulin
q633,25,55.6831017,1,Zoniferol
f234,25,52.17860221,2,Stelasyn
f545,25,60.25348139,1,Zoniferol
x402,25,52.43173664,2,Stelasyn
a401,25,54.20983551,3,Zoniferol
a492,25,54.70122868,1,Stelasyn
a444,25,42.29139437,0,Ramicane
c458,25,37.75314964,2,Ramicane
z795,25,57.94709984,2,Naftisol
g989,25,56.04556353,1,Stelasyn
g989,25,56.04556353,1,Propriva
s185,25,33.94994037,0,Capomulin
a366,25,59.01172817,0,Stelasyn
s187,25,56.48521984,1,Propriva
s565,25,58.55361079,1,Stelasyn
r921,25,42.65534089,1,Ramicane
o302,25,60.51710253,0,Placebo
g570,25,56.8494056,1,Propriva
j755,25,58.05581822,1,Naftisol
e213,25,55.22447615,2,Naftisol
t718,25,55.87658787,3,Placebo
u364,25,35.50361557,2,Capomulin
g558,25,55.75408257,2,Propriva
e584,25,51.38641908,2,Naftisol
e291,25,55.1389525,2,Naftisol
a644,25,41.48122408,0,Ramicane
o562,25,54.74273316,1,Propriva
r811,25,37.61401068,0,Ramicane
r107,25,57.70666715,1,Propriva
p387,25,58.09848946,0,Stelasyn
i635,25,52.92882323,1,Propriva
w350,25,52.80591518,1,Propriva
k403,25,33.46457735,1,Ramicane
j984,25,57.06435479,1,Stelasyn
p310,25,55.34183416,2,Propriva
a897,25,56.41331977,3,Placebo
a699,25,51.84638147,0,Propriva
w697,25,57.610394299999996,3,Stelasyn
c402,25,58.26988853,2,Stelasyn
b742,25,38.61768433,0,Capomulin
k862,25,58.7192973,2,Stelasyn
t198,25,56.18466399,3,Propriva
c758,25,43.602267299999994,1,Ramicane
c757,25,57.10641821,2,Placebo
s141,25,53.80437038,1,Propriva
i901,25,56.575194999999994,0,Stelasyn
b879,25,56.46998744,2,Stelasyn
v923,25,40.15641269,1,Capomulin
y769,25,58.33595901,3,Ceftamin
g791,25,35.56939935,1,Ramicane
c282,25,56.29220039,1,Placebo
s121,25,55.65068132,2,Infubinol
g107,25,64.66362579,0,Ketapril
k804,25,55.67480798,1,Infubinol
w151,25,51.869058700000004,2,Ceftamin
d474,25,54.27932462,0,Ketapril
e227,25,60.60029169,1,Placebo
m550,25,57.62068237,4,Ketapril
r554,25,33.89334515,3,Capomulin
f345,25,53.0788944,0,Infubinol
c139,25,61.46196976,0,Infubinol
g288,25,42.36869239,1,Capomulin
p189,25,62.10895956,3,Ketapril
g497,25,57.52444611,2,Ketapril
g316,25,46.80922469,1,Capomulin
y260,25,54.43756172,4,Ketapril
c895,25,57.53419288,2,Infubinol
i334,25,38.24881732,1,Ramicane
h246,25,59.5488537,1,Ketapril
k483,25,57.43200731,2,Infubinol
z578,25,37.41411419,0,Ramicane
c766,25,58.21462437,3,Placebo
a577,25,54.38093154,2,Infubinol
c819,25,51.82835706,1,Ketapril
q597,25,42.57570709,1,Ramicane
c832,25,58.89181644,2,Ketapril
i669,25,53.30318455,2,Placebo
a685,25,51.93995092,0,Infubinol
a262,25,60.13186217,2,Placebo
m650,25,62.253596900000005,2,Ketapril
y163,25,56.17638452,1,Infubinol
n671,25,56.17445785,0,Infubinol
v289,25,56.72009545,0,Ketapril
b128,25,43.26214483,1,Capomulin
m957,25,37.69543154,1,Capomulin
o973,25,53.17981471,1,Ketapril
n763,25,53.40587053,2,Placebo
o331,25,61.10230575,1,Ketapril
j296,25,55.76714817,3,Ceftamin
q132,25,52.78048929999999,4,Infubinol
w584,25,55.65083791,1,Infubinol
j246,25,44.55522595,0,Capomulin
e476,25,57.408638,0,Infubinol
c580,25,56.28906231,2,Ketapril
u327,25,56.05963409,0,Ketapril
i386,25,56.68786392,3,Infubinol
s152,25,64.11914213,2,Placebo
w422,25,56.95791715,2,Ketapril
v603,25,56.07523001,1,Ketapril
a251,25,57.41464570000001,1,Infubinol
l661,25,53.18065678,2,Ceftamin
k382,25,59.50390392,3,Ketapril
i738,25,34.97343761,0,Capomulin
n923,25,56.85546498,2,Ketapril
e662,25,44.66459432,1,Ramicane
n364,25,33.20500824,0,Ramicane
q787,25,52.71318786,2,Placebo
y793,25,38.9927339,2,Capomulin
z581,25,54.31640682,2,Infubinol
s508,25,36.33856894,0,Ramicane
a203,25,56.79320832,1,Infubinol
m650,30,64.90188755,3,Ketapril
n763,30,55.41365961,3,Placebo
z578,30,37.81593487,0,Ramicane
c758,30,44.11827028,1,Ramicane
v923,30,40.75221626,2,Capomulin
k862,30,60.60543979,3,Stelasyn
g570,30,60.32871705,1,Propriva
e584,30,54.98440767,3,Naftisol
t198,30,56.92497431,3,Propriva
s141,30,55.84141007,1,Propriva
c139,30,64.14987077,1,Infubinol
w422,30,60.09663467,3,Ketapril
b742,30,39.1679495,0,Capomulin
i557,30,45.26138381,0,Capomulin
u364,30,35.9783344,2,Capomulin
g316,30,44.22147988,2,Capomulin
r921,30,43.41938077,1,Ramicane
m550,30,60.85654272,4,Ketapril
e213,30,56.45872864,3,Naftisol
a203,30,59.52319728,1,Infubinol
a644,30,37.21112063,0,Ramicane
j755,30,60.00720978,1,Naftisol
r107,30,58.40647256,1,Propriva
p387,30,63.26924552,0,Stelasyn
c895,30,60.96971133,2,Infubinol
r811,30,38.24206639,0,Ramicane
c580,30,58.04656941,3,Ketapril
f345,30,54.36379731,1,Infubinol
o302,30,62.03059364,1,Placebo
e662,30,45.35023242,1,Ramicane
b879,30,60.90761481,2,Stelasyn
s565,30,63.66896678,1,Stelasyn
t718,30,57.70411372,3,Placebo
g558,30,58.95282911,3,Propriva
c757,30,60.09857184,2,Placebo
i901,30,60.59185755,0,Stelasyn
i635,30,53.5970382,2,Propriva
s187,30,60.00878263,2,Propriva
c402,30,63.74319428,2,Stelasyn
a699,30,54.37934505,0,Propriva
c264,30,57.82391556,2,Zoniferol
p136,30,57.05280546,1,Zoniferol
g497,30,61.108185999999996,2,Ketapril
d251,30,38.71825638,2,Ramicane
r554,30,32.68065459,3,Capomulin
j365,30,54.40488176,1,Zoniferol
z581,30,56.28674991,2,Infubinol
a492,30,56.20104104,1,Stelasyn
a444,30,42.78627835,0,Ramicane
q787,30,55.03620625,2,Placebo
a401,30,55.91016159,3,Zoniferol
f545,30,65.89398607,1,Zoniferol
x402,30,54.35158463,3,Stelasyn
f234,30,56.87381654,2,Stelasyn
a251,30,59.86124129,1,Infubinol
q633,30,58.05725257,1,Zoniferol
c458,30,38.34200823,2,Ramicane
v603,30,57.99055378,1,Ketapril
j246,30,38.04408202,1,Capomulin
w575,30,60.15306524,1,Zoniferol
w914,30,40.99311013,0,Capomulin
q610,30,40.66834256,1,Ramicane
i386,30,59.13364029,3,Infubinol
m601,30,31.75827491,1,Capomulin
k894,30,54.40012279,3,Zoniferol
u327,30,57.31407239,0,Ketapril
g296,30,57.99770642,3,Zoniferol
j913,30,34.75724046,0,Ramicane
q132,30,54.65654872,4,Infubinol
i334,30,39.00555435,1,Ramicane
x401,30,32.91529186,0,Capomulin
o809,30,54.832628799999995,1,Infubinol
c559,30,57.14614388,2,Zoniferol
o331,30,66.33066347,1,Ketapril
a897,30,59.91693443,3,Placebo
a577,30,57.03186187,2,Infubinol
j984,30,61.24050573,1,Stelasyn
q597,30,43.33916123,1,Ramicane
k403,30,31.09949753,1,Ramicane
w350,30,55.87990896,1,Propriva
c832,30,60.49637579,2,Ketapril
s185,30,32.95967078,1,Capomulin
w584,30,58.26844248,1,Infubinol
y163,30,59.41253724,2,Infubinol
g989,30,59.08229394,1,Stelasyn
g989,30,59.08229394,1,Propriva
h333,30,55.45528975,2,Stelasyn
a262,30,64.95809178,3,Placebo
w697,30,60.72063591,3,Stelasyn
p981,30,56.33910432,1,Stelasyn
c302,30,57.41974389,3,Zoniferol
t451,30,59.27582268,0,Stelasyn
k483,30,59.74707708,2,Infubinol
q511,30,59.3643535,1,Zoniferol
o973,30,57.76995952,1,Ketapril
l897,30,39.35279201,1,Capomulin
j989,30,34.67178107,1,Ramicane
g288,30,42.87446056,1,Capomulin
s337,30,52.74771768,3,Zoniferol
a963,30,53.40166738,1,Stelasyn
k804,30,59.24061511,2,Infubinol
d474,30,55.34134157,0,Ketapril
a788,30,60.41370908,1,Zoniferol
m269,30,67.71250988,1,Stelasyn
o926,30,56.91739838,3,Zoniferol
b128,30,40.60533486,1,Capomulin
a366,30,63.44068627,1,Stelasyn
r701,30,60.34181872,1,Naftisol
m957,30,38.21247939,1,Capomulin
v295,30,59.33377202,3,Naftisol
b759,30,55.74282869,1,Ceftamin
n364,30,33.817758000000005,0,Ramicane
z969,30,65.84101274,3,Naftisol
w151,30,56.76715821,2,Ceftamin
l700,30,56.653215,1,Naftisol
o287,30,54.50300122,3,Ceftamin
t724,30,64.2345947,2,Naftisol
r944,30,41.68079111,1,Capomulin
x773,30,52.81311518,4,Placebo
l509,30,44.70805473,2,Capomulin
a275,30,54.44471317,2,Ceftamin
g107,30,69.16051982,0,Ketapril
s508,30,35.47402235,0,Ramicane
l471,30,58.09360446,1,Ceftamin
u196,30,47.62281636,2,Ramicane
p438,30,56.40642173,0,Ceftamin
j296,30,56.80306121,3,Ceftamin
n923,30,59.63256052,3,Ketapril
a411,30,39.13073724,1,Ramicane
l733,30,56.31906537,1,Ceftamin
p189,30,67.10453665,4,Ketapril
n304,30,55.03901985,3,Naftisol
q582,30,52.64889350000001,2,Placebo
g791,30,34.95258284,1,Ramicane
n671,30,60.16518046,0,Infubinol
e227,30,62.46438515,2,Placebo
o795,30,68.21706974,4,Placebo
r604,30,54.68821536,2,Naftisol
x581,30,55.49282602,3,Ceftamin
c819,30,56.09899820000001,1,Ketapril
l490,30,57.91838132,3,Ceftamin
a818,30,60.07237198,0,Naftisol
c766,30,60.2559245,3,Placebo
l725,30,66.59954515,3,Naftisol
q483,30,54.95222585,1,Ceftamin
t565,30,32.86891617,0,Capomulin
j119,30,43.01368114,1,Capomulin
l661,30,55.32909936,2,Ceftamin
m546,30,37.96993365,0,Ramicane
x822,30,55.44515483,2,Ceftamin
k210,30,59.98950976,1,Ceftamin
w167,30,67.19787186,0,Placebo
h246,30,63.59960954,1,Ketapril
s710,30,43.57170323,1,Capomulin
v991,30,62.74364308,3,Propriva
b559,30,61.19038663,1,Naftisol
i738,30,35.57877987,1,Capomulin
z795,30,59.78963589999999,2,Naftisol
c282,30,59.00590207,1,Placebo
e476,30,57.99279743,1,Infubinol
k382,30,63.46944155,4,Ketapril
y769,30,61.07194886,3,Ceftamin
o562,30,59.65352453,1,Propriva
i177,30,34.71147302,1,Ramicane
y478,30,59.37461452,1,Placebo
y865,30,59.0332753,3,Ceftamin
a520,30,36.94770981,1,Ramicane
x264,30,58.15869423,3,Naftisol
a685,30,55.45385519,1,Infubinol
y793,30,35.72602314,2,Capomulin
y260,30,58.58267634,4,Ketapril
c927,30,60.753924600000005,2,Propriva
i334,35,39.7695521,2,Ramicane
l897,35,37.68276664,1,Capomulin
o809,35,55.62942846,1,Infubinol
a520,35,37.62471026,1,Ramicane
p189,35,67.87377675,4,Ketapril
k483,35,60.54156159,2,Infubinol
x822,35,56.79656665,2,Ceftamin
a963,35,56.81397646,1,Stelasyn
l725,35,69.12570173,3,Naftisol
l733,35,57.60079774,1,Ceftamin
m269,35,68.68991735,1,Stelasyn
y478,35,61.88802678,1,Placebo
s185,35,28.32853059,1,Capomulin
s337,35,54.81081251,3,Zoniferol
o973,35,60.24221931,1,Ketapril
d474,35,56.47911257,0,Ketapril
h246,35,67.2112701,2,Ketapril
j989,35,35.1155898,1,Ramicane
k804,35,62.11727887,2,Infubinol
e227,35,66.94912136,3,Placebo
w151,35,58.33914095,2,Ceftamin
q511,35,60.83866059,1,Zoniferol
l700,35,61.46260354,1,Naftisol
t451,35,63.75698964,0,Stelasyn
e662,35,43.22027636,1,Ramicane
z581,35,58.62839878,3,Infubinol
c264,35,61.07479506,2,Zoniferol
w914,35,41.66491577,1,Capomulin
l661,35,56.47412871,2,Ceftamin
v603,35,63.18943184,1,Ketapril
j246,35,38.75326548,1,Capomulin
q610,35,36.56165229,2,Ramicane
l509,35,40.207288500000004,2,Capomulin
m546,35,38.62753581,1,Ramicane
w575,35,63.68644503,2,Zoniferol
i386,35,64.92542037,3,Infubinol
y865,35,61.15313991,3,Ceftamin
n364,35,34.48752204,1,Ramicane
i738,35,36.17595269,1,Capomulin
k894,35,55.36266238,4,Zoniferol
c282,35,59.88765475,1,Placebo
g296,35,60.38451978,4,Zoniferol
u327,35,58.08902837,1,Ketapril
j913,35,35.17014843,0,Ramicane
y769,35,63.43063221,3,Ceftamin
m601,35,30.83435704,1,Capomulin
a444,35,41.73595083,0,Ramicane
q633,35,63.1256593,1,Zoniferol
l471,35,61.40599916,1,Ceftamin
a251,35,60.90388455,1,Infubinol
x401,35,30.20682488,0,Capomulin
n304,35,57.12241926,4,Naftisol
o795,35,69.08509415,4,Placebo
p136,35,57.63078195,1,Zoniferol
n923,35,60.35629432,3,Ketapril
r604,35,59.21700015,2,Naftisol
t565,35,33.51567063,0,Capomulin
d251,35,37.70852942,2,Ramicane
j365,35,56.96120016,2,Zoniferol
c559,35,59.45504074,2,Zoniferol
a492,35,57.30855379,1,Stelasyn
g497,35,64.09488929999999,2,Ketapril
z969,35,69.17624607,4,Naftisol
a401,35,60.34714467,3,Zoniferol
f545,35,66.74292417,1,Zoniferol
u196,35,47.00146542,2,Ramicane
x402,35,55.24096223,3,Stelasyn
r554,35,33.06933705,3,Capomulin
q787,35,60.33385242,3,Placebo
f234,35,57.74875831,2,Stelasyn
j296,35,58.71448296,3,Ceftamin
c302,35,62.23657157,3,Zoniferol
c832,35,61.12448717,2,Ketapril
g288,35,38.95411458,1,Capomulin
f345,35,56.52332726,1,Infubinol
g107,35,71.90511721,0,Ketapril
b559,35,65.70576275,1,Naftisol
r701,35,64.73001045,1,Naftisol
m550,35,62.53915386,4,Ketapril
x773,35,55.19273639,4,Placebo
b128,35,37.96764437,1,Capomulin
p387,35,66.4922038,1,Stelasyn
t724,35,67.74432795,2,Naftisol
s565,35,64.77657909,2,Stelasyn
r811,35,36.00302016,1,Ramicane
i635,35,55.67999656,2,Propriva
o287,35,55.11829029,4,Ceftamin
c766,35,65.95236791,4,Placebo
o926,35,58.59399318,3,Zoniferol
r944,35,40.40176542,2,Capomulin
i901,35,62.12733561,0,Stelasyn
g316,35,44.70283296,2,Capomulin
a818,35,63.29854586,0,Naftisol
m650,35,69.26574681,4,Ketapril
b879,35,64.26088633,2,Stelasyn
z578,35,38.50482444,0,Ramicane
n763,35,57.38241296,3,Placebo
y793,35,36.3278696,2,Capomulin
u364,35,35.45948978,2,Capomulin
k382,35,66.07918483,4,Ketapril
t718,35,60.46389851,3,Placebo
e584,35,58.08655989,3,Naftisol
e476,35,60.064340200000004,1,Infubinol
v991,35,63.89531294,4,Propriva
g558,35,60.86215883,4,Propriva
z795,35,60.43565416,2,Naftisol
i557,35,45.94194901,0,Capomulin
p438,35,57.53855546,1,Ceftamin
w167,35,68.13428817,0,Placebo
i177,35,35.1521662,1,Ramicane
a203,35,61.93165007,2,Infubinol
a644,35,35.12863083,0,Ramicane
c927,35,61.87227365,3,Propriva
j755,35,62.7328576,1,Naftisol
y260,35,59.60355821,4,Ketapril
w422,35,61.40961994,4,Ketapril
x264,35,61.29960778,4,Naftisol
g570,35,62.3304204,2,Propriva
e213,35,58.24585435,3,Naftisol
q483,35,59.25348433,1,Ceftamin
c757,35,64.29116351,2,Placebo
a411,35,39.71723589,1,Ramicane
o562,35,65.36076742,1,Propriva
a685,35,58.09262925,1,Infubinol
a897,35,64.0528731,3,Placebo
g989,35,62.57087961,2,Stelasyn
g989,35,62.57087961,2,Propriva
o331,35,70.12623754,2,Ketapril
q597,35,43.80720142,1,Ramicane
j984,35,64.05539896,1,Stelasyn
v295,35,61.89315267,3,Naftisol
q582,35,53.71315792,2,Placebo
k862,35,66.58072244,3,Stelasyn
j119,35,43.76570537,1,Capomulin
k210,35,63.32933023,1,Ceftamin
y163,35,61.73019562,2,Infubinol
a275,35,56.35353804,2,Ceftamin
w350,35,56.68355758,1,Propriva
s508,35,35.8461407,0,Ramicane
k403,35,26.54699343,1,Ramicane
a699,35,56.51068234,1,Propriva
s710,35,44.16051879,1,Capomulin
c402,35,65.8079627,2,Stelasyn
c819,35,57.72953466,1,Ketapril
x581,35,58.07758293,3,Ceftamin
c139,35,67.82141969,1,Infubinol
a262,35,66.56196302,4,Placebo
m957,35,32.56283914,1,Capomulin
b742,35,39.84757556,0,Capomulin
c758,35,37.80238546,1,Ramicane
v923,35,41.43924156,2,Capomulin
w697,35,63.68904216,3,Stelasyn
p981,35,59.13102297,1,Stelasyn
t198,35,57.73594116,3,Propriva
g791,35,30.96039194,1,Ramicane
a262,40,69.59273198,4,Placebo
a644,40,35.77945086,0,Ramicane
i334,40,40.44237037,2,Ramicane
a520,40,38.25972497,1,Ramicane
k894,40,58.64705616,4,Zoniferol
e662,40,44.00672385,2,Ramicane
n364,40,34.95473311,1,Ramicane
k403,40,24.36550471,1,Ramicane
b128,40,38.3797259,2,Capomulin
i177,40,35.55793279,2,Ramicane
c302,40,63.28107148,4,Zoniferol
s508,40,32.79817119,0,Ramicane
y478,40,65.97112017,1,Placebo
t718,40,61.530398899999994,3,Placebo
c282,40,65.02179944,2,Placebo
o795,40,70.26647887,4,Placebo
m546,40,35.114575200000004,1,Ramicane
z578,40,34.02209336,0,Ramicane
g791,40,31.36940573,1,Ramicane
c758,40,32.83318858,1,Ramicane
d251,40,38.26540379,2,Ramicane
c264,40,65.70832272,2,Zoniferol
u196,40,43.45368679,2,Ramicane
c757,40,66.60436771,2,Placebo
r811,40,36.5200329,1,Ramicane
c766,40,67.68529456,4,Placebo
e227,40,70.7152176,3,Placebo
n763,40,58.01114583,4,Placebo
f545,40,71.10811835,1,Zoniferol
r944,40,41.04204489999999,2,Capomulin
x773,40,55.98767551,4,Placebo
s185,40,25.47214326,1,Capomulin
a897,40,67.21174279,4,Placebo
q787,40,62.0341267,3,Placebo
a444,40,42.50492554,0,Ramicane
m601,40,31.378045299999997,1,Capomulin
t565,40,33.94934131,0,Capomulin
q597,40,44.47182121,2,Ramicane
j989,40,35.50119014,1,Ramicane
u327,40,60.46654541,1,Ketapril
b879,40,67.18912666,2,Stelasyn
j755,40,67.2077103,1,Naftisol
y260,40,60.91417627,4,Ketapril
g570,40,68.52585616,2,Propriva
a275,40,60.92153868,3,Ceftamin
s710,40,40.17192011,1,Capomulin
s565,40,67.22100698,2,Stelasyn
p387,40,69.03887618,1,Stelasyn
l471,40,63.84485785,1,Ceftamin
i635,40,56.84243514,3,Propriva
e476,40,61.52527583,1,Infubinol
k382,40,67.42095521,4,Ketapril
j119,40,44.5850896,1,Capomulin
i901,40,64.30345451,0,Stelasyn
a203,40,63.59349002,2,Infubinol
b742,40,38.255627399999995,0,Capomulin
w422,40,63.07258467,4,Ketapril
k862,40,67.57134128,4,Stelasyn
t198,40,59.12995997,4,Propriva
k210,40,66.62283628,2,Ceftamin
a699,40,58.60544816,1,Propriva
f345,40,58.31559250000001,1,Infubinol
v923,40,42.1510148,2,Capomulin
m550,40,68.21072019,4,Ketapril
l661,40,59.20566876,3,Ceftamin
o287,40,57.1971929,4,Ceftamin
v295,40,65.46607444,3,Naftisol
e213,40,60.23654797,3,Naftisol
w151,40,62.18795039,2,Ceftamin
p189,40,74.10609077,4,Ketapril
t724,40,69.72832559,2,Naftisol
q483,40,64.19234114,1,Ceftamin
r701,40,66.64072178,1,Naftisol
p438,40,59.30528806,1,Ceftamin
a818,40,69.27381374,1,Naftisol
x264,40,63.28328821,4,Naftisol
c927,40,64.18322918,4,Propriva
a411,40,40.25881765,1,Ramicane
j296,40,60.07268848,3,Ceftamin
a685,40,60.56790371,2,Infubinol
z795,40,62.37663884,3,Naftisol
v991,40,64.8511286,4,Propriva
h246,40,71.15083468,2,Ketapril
u364,40,36.02413752,2,Capomulin
o562,40,71.17246321,1,Propriva
m957,40,32.94761484,1,Capomulin
c819,40,62.17570465,1,Ketapril
x581,40,60.28040549,3,Ceftamin
e584,40,62.81687083,4,Naftisol
g558,40,61.77496268,4,Propriva
y793,40,31.47541076,2,Capomulin
i557,40,46.82106972,1,Capomulin
j984,40,67.77708036,1,Stelasyn
l725,40,73.69349382,3,Naftisol
g316,40,45.56582103,2,Capomulin
p136,40,61.38024887,1,Zoniferol
r604,40,60.18611531,2,Naftisol
a492,40,57.92849897,1,Stelasyn
k483,40,64.13872489,3,Infubinol
o973,40,64.48781246,2,Ketapril
j365,40,62.32717066,2,Zoniferol
d474,40,60.23373278,1,Ketapril
l509,40,40.77081259,2,Capomulin
z581,40,60.05373963,3,Infubinol
a401,40,61.76860538,4,Zoniferol
g497,40,67.74281406,2,Ketapril
x402,40,56.69172294,3,Stelasyn
y865,40,63.46954946,3,Ceftamin
q633,40,68.49863876,2,Zoniferol
z969,40,70.31490411,4,Naftisol
a251,40,63.09507565,1,Infubinol
w914,40,35.61130861,2,Capomulin
w575,40,64.93840621,3,Zoniferol
r554,40,31.80484133,3,Capomulin
i386,40,67.28962147,4,Infubinol
j913,40,31.00186078,1,Ramicane
g296,40,62.22191493,4,Zoniferol
i738,40,36.84389799,2,Capomulin
c832,40,62.57231816,2,Ketapril
c559,40,60.86184431,3,Zoniferol
x401,40,28.16739732,0,Capomulin
n304,40,59.83050667,4,Naftisol
w350,40,62.32434769,2,Propriva
m650,40,70.79706787,4,Ketapril
c402,40,70.22229679,2,Stelasyn
b559,40,69.96961645,1,Naftisol
o926,40,59.90304448,3,Zoniferol
c139,40,69.42814095,2,Infubinol
l897,40,38.34390154,1,Capomulin
x822,40,59.55568466,2,Ceftamin
l700,40,62.98667798,1,Naftisol
t451,40,67.65479599,1,Stelasyn
y163,40,63.62067958,2,Infubinol
q511,40,63.19442807,2,Zoniferol
l733,40,59.44350649999999,1,Ceftamin
m269,40,70.21464419,1,Stelasyn
y769,40,64.25102761,4,Ceftamin
g288,40,36.35685121,1,Capomulin
n923,40,66.22960554,3,Ketapril
a963,40,58.46378685,1,Stelasyn
o331,40,71.44774251,3,Ketapril
s337,40,56.99481589,4,Zoniferol
n364,45,31.09533505,1,Ramicane
b128,45,38.98287774,2,Capomulin
l661,45,59.85195552,3,Ceftamin
y865,45,64.72983655,3,Ceftamin
y769,45,68.59474498,4,Ceftamin
b559,45,73.05136339,1,Naftisol
t565,45,34.45529799,0,Capomulin
c282,45,65.81516535,2,Placebo
l509,45,41.48300765,3,Capomulin
j296,45,61.84902336,3,Ceftamin
a411,45,38.407618299999996,1,Ramicane
p189,45,75.2949359,4,Ketapril
m650,45,73.90139912,4,Ketapril
q597,45,45.22086888,2,Ramicane
g288,45,37.07402422,1,Capomulin
o331,45,78.56701362,4,Ketapril
y163,45,67.68556862,3,Infubinol
i334,45,36.37451039,2,Ramicane
c139,45,72.2267309,2,Infubinol
c832,45,65.41595451,3,Ketapril
a262,45,70.71762058,4,Placebo
z581,45,62.75445141,3,Infubinol
g497,45,69.87225079,2,Ketapril
a251,45,65.52574285,1,Infubinol
q787,45,66.09647477,3,Placebo
r554,45,32.37735684,3,Capomulin
k483,45,66.19691151,3,Infubinol
w151,45,67.52748237,3,Ceftamin
g316,45,40.1592203,2,Capomulin
m550,45,69.25350312,4,Ketapril
e227,45,73.21293851,3,Placebo
a685,45,66.08306589,3,Infubinol
s508,45,30.27623175,0,Ramicane
h246,45,74.10408567,2,Ketapril
y793,45,31.896238399999998,2,Capomulin
c766,45,69.82314577,4,Placebo
z578,45,30.63869575,0,Ramicane
m957,45,33.32909778,1,Capomulin
e662,45,40.65900627,2,Ramicane
e476,45,62.43540402,1,Infubinol
k382,45,73.71561899999999,4,Ketapril
a203,45,67.97341878,2,Infubinol
w422,45,67.98953001,4,Ketapril
f345,45,60.91876652,1,Infubinol
y260,45,62.90944062,4,Ketapril
m546,45,30.56462509,1,Ramicane
a818,45,74.99776443,2,Naftisol
l471,45,67.74866174,1,Ceftamin
s337,45,62.10965102,4,Zoniferol
a963,45,62.76509317,1,Stelasyn
q511,45,68.61106075,3,Zoniferol
k403,45,22.05012627,1,Ramicane
t451,45,68.7116302,1,Stelasyn
o926,45,62.32796606,4,Zoniferol
l897,45,38.84687569,1,Capomulin
c302,45,64.57522157,4,Zoniferol
w350,45,64.95756185,2,Propriva
c402,45,74.04039018,3,Stelasyn
v923,45,40.65812366,2,Capomulin
c758,45,33.39765251,1,Ramicane
j984,45,70.65383162,1,Stelasyn
a699,45,62.19141437,1,Propriva
a897,45,72.25596306,4,Placebo
t198,45,64.91136268,4,Propriva
k862,45,69.29914907,4,Stelasyn
j989,45,36.13485243,1,Ramicane
b742,45,38.93963263,0,Capomulin
m269,45,75.12368955,1,Stelasyn
c264,45,67.94212107,2,Zoniferol
g296,45,68.16319517,4,Zoniferol
j913,45,31.56046955,1,Ramicane
w575,45,68.40128593,3,Zoniferol
k894,45,60.75270417,4,Zoniferol
a444,45,43.04754260000001,0,Ramicane
q633,45,70.82779631,2,Zoniferol
w914,45,36.04104736,2,Capomulin
a401,45,66.79415599,4,Zoniferol
f545,45,73.32443228,1,Zoniferol
x402,45,61.61960615,3,Stelasyn
j365,45,64.29408493,2,Zoniferol
m601,45,28.43096411,1,Capomulin
d251,45,37.31123552,2,Ramicane
a492,45,60.12201052,1,Stelasyn
x401,45,28.48403281,0,Capomulin
p136,45,63.48869678,2,Zoniferol
c559,45,61.84005842,4,Zoniferol
s185,45,23.34359787,1,Capomulin
i738,45,37.31184577,2,Capomulin
i901,45,65.34181087,0,Stelasyn
c757,45,69.04284082,3,Placebo
t724,45,75.11328801,2,Naftisol
s710,45,40.72857787,1,Capomulin
x581,45,64.63494887,3,Ceftamin
a275,45,62.99935619,3,Ceftamin
a520,45,38.81036633,1,Ramicane
k210,45,68.92318457,3,Ceftamin
j119,45,38.125164399999996,1,Capomulin
y478,45,66.84263453,1,Placebo
l725,45,76.66881742,3,Naftisol
x822,45,61.38666032,3,Ceftamin
l700,45,63.94664044,1,Naftisol
l733,45,64.29983003,1,Ceftamin
n304,45,63.58639514,4,Naftisol
o795,45,73.05945435,4,Placebo
u196,45,40.66771292,3,Ramicane
r604,45,62.67075904,3,Naftisol
z969,45,73.86784476,4,Naftisol
g791,45,29.12847181,1,Ramicane
i635,45,58.63340414,3,Propriva
o287,45,59.74190064,4,Ceftamin
r701,45,69.77854407,1,Naftisol
r811,45,37.22565033,1,Ramicane
u327,45,66.26880133,2,Ketapril
s565,45,72.58896447,2,Stelasyn
g570,45,70.49278763,2,Propriva
i557,45,47.68596303,1,Capomulin
a644,45,32.97852192,1,Ramicane
j755,45,69.56362076,1,Naftisol
e213,45,63.1056963,4,Naftisol
e584,45,68.3597767,4,Naftisol
t718,45,63.42369517,4,Placebo
o562,45,72.45542116,2,Propriva
i177,45,33.56240217,3,Ramicane
v991,45,70.16774899,4,Propriva
z795,45,65.74107029,3,Naftisol
r944,45,41.58152074,2,Capomulin
u364,45,31.02392294,3,Capomulin
p438,45,61.43389223,1,Ceftamin
x773,45,58.63497149,4,Placebo
b879,45,72.55523894,2,Stelasyn
